ontology ID	label	definition	alternative label	logical type	parent
ID	A rdfs:label	AL IAO:0000115@en	A IAO:0000118 SPLIT=|	CLASS_TYPE	C % SPLIT=|
OBI:0000070	assay				
OBI:0000185	imaging assay			subclass	assay
OBI:0000435	genotyping assay			subclass	nucleotide sequence assay
OBI:0000470	mass spectrometry assay			subclass	molecular composition assay
OBI:0000626	DNA sequencing assay			subclass	nucleotide sequence assay
OBI:0000634	DNA methylation profiling assay			subclass	epigenetic assay
OBI:0000661	enzyme-linked immunosorbent assay			subclass	binding assay|molecular analyte assay
OBI:0000669	tritiated thymidine incorporation assay			subclass	cell proliferation assay
OBI:0000854	western blot assay			subclass	targeted molecular composition assay
OBI:0000872	serum neutralization of viral infectivity assay			subclass	antibody function assay
OBI:0000875	viral hemagglutination inhibition assay			subclass	antibody function assay
OBI:0000891	cell proliferation assay			subclass	cell assay
OBI:0000893	real time polymerase chain reaction assay			subclass	targeted sequence analyte assay
OBI:0000916	flow cytometry assay			subclass	cytometry assay
OBI:0000920	cytometric bead array assay			subclass	targeted molecular composition assay
OBI:0000923	surface plasmon resonance binding assay			subclass	binding assay
OBI:0000966	in live organism assay			subclass	assay
OBI:0001146	binding assay			subclass	assay
OBI:0001271	transcription profiling by RNA sequencing assay			subclass	transcriptomic assay
OBI:0001274	genotyping by array assay			subclass	genotyping assay
OBI:0001318	proteomic profiling by array assay			subclass	targeted molecular composition assay
OBI:0001332	DNA methylation profiling by array assay			subclass	epigenetic assay
OBI:0001463	transcription profiling by array assay			subclass	targeted transcriptomic assay
OBI:0001926	microRNA profiling assay			subclass	transcriptomic assay
OBI:0001977	cytometry assay			subclass	cell assay
OBI:0001986	immunohistochemistry			subclass	localized molecular composition assay
OBI:0002031	genotyping by SNP array assay			subclass	genotyping assay
OBI:0002107	bio-layer interferometry assay			subclass	binding assay
OBI:0002115	cytometry time of flight assay			subclass	cytometry assay
OBI:0002119	microscopy assay			subclass	imaging assay
OBI:0002122	major histocompatibility typing assay			subclass	genotyping assay
OBI:0002142	Nanostring nCounter miRNA expression assay			subclass	transcriptomic assay
OBI:0002157	HBV surface antigen assay			subclass	microbial detection assay
OBI:0002623	whole metagenome sequencing assay			subclass	microbiome composition assay
OBI:0002631	single-cell transcription profiling by RNA sequencing assay			subclass	cytometry assay|transcription profiling by RNA sequencing assay
OBI:0002692	polymerase chain reaction assay			subclass	targeted sequence analyte assay
OBI:0002763	16s ribosomal gene sequencing assay			subclass	microbiome composition assay
OBI:0002764	single-cell ATAC-seq			subclass	cytometry assay|epigenetic assay
OBI:0002953	protein state assay			subclass	assay
OBI:0002990	T cell receptor repertoire sequencing assay			subclass	immune receptor repertoire profiling assay
OBI:0002991	B cell receptor repertoire sequencing assay			subclass	immune receptor repertoire profiling assay
OBI:0003032	genotyping by PCR assay			subclass	genotyping assay
OBI:0003090	bulk RNA-seq assay			subclass	transcription profiling by RNA sequencing assay
OBI:0003106	sequential fluorescence in-situ hybridization assay		Xenium|CosMX	subclass	localized molecular composition assay
OBI:0003107	slide-seq assay		Visium|Visium HD|Visium HD 3'	subclass	spatially resolved assay
OBI:0003112	Olink assay			subclass	targeted molecular composition assay
OBI:0003115	antigen detection by cytometric bead array assay			subclass	targeted molecular composition assay
OBI:0003598	single cell B cell receptor repertoire sequencing assay			subclass	B cell receptor repertoire sequencing assay
OBI:0003599	single cell T cell receptor repertoire sequencing assay			subclass	T cell receptor repertoire sequencing assay
OBI:0003715	vital sign assay			subclass	in live organism assay
OBI:0003734	clinical history collection assay			subclass	in live organism assay
OBI:0003735	disease severity assay			subclass	in live organism assay
OBI:0003738	blood type assay			subclass	assay
OBI:0003779	chemiluminescent assay			subclass	molecular analyte assay
OBI:0003780	electrochemiluminescence assay			subclass	molecular analyte assay
OBI:0003781	proteomics by mass spectrometry assay			subclass	mass spectrometry assay
OBI:0003782	metabolomics by mass spectrometry assay			subclass	mass spectrometry assay
OBI:0003788	cellular indexing of transcriptomes and epitopes by sequencing			subclass	cytometry with transcriptomics assay|transcriptomic assay
OBI:0003789	immune receptor repertoire profiling assay			subclass	AIR sequence assay
OBI:0003790	antibody-dependent complement deposition assay			subclass	antibody function assay
OBI:0003791	bacterial flagellin detection in plasma assay			subclass	microbial component detection 
OBI:0003792	bacterial flagellin detection in feces assay			subclass	microbial component detection 
OBI:0003793	bacterial lipopolysaccharide detection in plasma assay			subclass	microbial component detection 
OBI:0003794	bacterial lipopolysaccharide detection in feces assay			subclass	microbial component detection 
OBI:0003796	pathogen neutralization assay			subclass	antibody function assay
OBI:0003797	bacterial neutralization assay			subclass	pathogen neutralization assay
OBI:0003798	viral plaque assay			subclass	microbial detection assay
OBI:0003799	analyte detection by flow based bead assay			subclass	targeted molecular composition assay
OBI:0003858	AIR sequence assay			subclass	nucleotide sequence assay
OBI:0003859	antibody function assay	An assay that characterizes the functions of antibodies in an input specimen.		subclass	assay
OBI:0003860	body morphological assay	An in live organism assay that produces information about characteristics of the organism's whole body.		subclass	in live organism assay
OBI:0003861	cell assay	An assay that measures characteristics of cells, reported on a per-cell basis.		subclass	assay
OBI:0003862	cytometry with transcriptomics assay			subclass	cytometry assay
OBI:0003863	ELISA measuring antibody binding to antigen			subclass	enzyme-linked immunosorbent assay
OBI:0003864	ELISA measuring antigen binding to antibody			subclass	enzyme-linked immunosorbent assay
OBI:0003865	epigenetic assay	An assay that measures the modifications of DNA or DNA-associated chromatin.		subclass	assay
OBI:0003866	localized molecular composition assay			subclass	spatially resolved assay|molecular composition assay
OBI:0003867	microbial assay	An assay that measures composition of or characteristics of microbes in an input sample. 		subclass	assay
OBI:0003868	microbial component detection 			subclass	microbial assay
OBI:0003869	microbiome composition assay			subclass	microbial assay
OBI:0003870	microbial detection assay			subclass	microbial assay
OBI:0003871	molecular analyte assay			subclass	molecular composition assay
OBI:0003872	molecular composition assay	An assay that detects the identity and amount of molecular components in a specimen.		subclass	assay
OBI:0003873	nucleotide sequence assay	An assay that detects the presence or composition of nucleotide sequences.		subclass	assay
OBI:0003875	spatially resolved assay	An assay that produces data about the spatial arrangement of components of an input.		subclass	assay
OBI:0003877	targeted molecular composition assay			subclass	molecular composition assay
OBI:0003878	targeted sequence analyte assay			subclass	nucleotide sequence assay
OBI:0003879	targeted transcriptomic assay			subclass	transcriptomic assay
OBI:0003880	transcriptomic assay			subclass	nucleotide sequence assay
OBI:0003928	patient-reported symptom assay	An assay that produces information about whether or not a patient reports having a symptom.		subclass	in live organism assay
OBI:0003929	diagnostic assay	An assay that results in a diagnosis of a disease in an organism.		subclass	in live organism assay
OBI:0600031	enzyme-linked immunospot assay			subclass	cytometry assay
OBI:1110126	assay measuring binding of a MHC:ligand complex			subclass	binding assay
